<?xml version="1.0" encoding="UTF-8"?>
<!DOCTYPE suite SYSTEM "http://testng.org/testng-1.0.dtd">
<suite name="Suite1">
  <test thread-count="5" name="Test1">
    <classes>
      <class name="basicAnnotations.TestClassAnnotation2"/>
      <class name="basicAnnotations.TestClassAnnotations1"/>
    </classes>
  </test> <!-- Test -->


  <test thread-count="5" name="Test2">
    <classes>
      <class name="basicAnnotations.TestClassAnnotation2"/>
      <class name="basicAnnotations.TestClassAnnotations1"/>
    </classes>
  </test> <!-- Test -->


  <test thread-count="5" name="Test3">
    <classes>
      <class name="basicAnnotations.TestClassAnnotation2"/>
      <class name="basicAnnotations.TestClassAnnotations1"/>
    </classes>
  </test> <!-- Test -->
  
</suite> <!-- Suite -->
